<?xml version="1.0" encoding="UTF-8" standalone="no"?>
<!--

    Empresa desarrolladora: GUADALTEL S.A.

    Autor: Junta de Andalucía

    Derechos de explotación propiedad de la Junta de Andalucía.

    Este programa es software libre: usted tiene derecho a redistribuirlo y/o modificarlo bajo los términos de la

    Licencia EUPL European Public License publicada por el organismo IDABC de la Comisión Europea, en su versión 1.0.
    o posteriores.

    Este programa se distribuye de buena fe, pero SIN NINGUNA GARANTÍA, incluso sin las presuntas garantías implícitas
    de USABILIDAD o ADECUACIÓN A PROPÓSITO CONCRETO. Para mas información consulte la Licencia EUPL European Public
    License.

    Usted recibe una copia de la Licencia EUPL European Public License junto con este programa, si por algún motivo no
    le es posible visualizarla, puede consultarla en la siguiente URL: http://ec.europa.eu/idabc/servlets/Doc?id=31099

    You should have received a copy of the EUPL European Public License along with this program. If not, see
    http://ec.europa.eu/idabc/servlets/Doc?id=31096

    Vous devez avoir reçu une copie de la EUPL European Public License avec ce programme. Si non, voir
    http://ec.europa.eu/idabc/servlets/Doc?id=30194

    Sie sollten eine Kopie der EUPL European Public License zusammen mit diesem Programm. Wenn nicht, finden Sie da
    http://ec.europa.eu/idabc/servlets/Doc?id=29919

-->
<ViewContext xmlns="http://www.opengis.net/context" xmlns:xlink="http://www.w3.org/1999/xlink" xmlns:xsi="http://www.w3.org/2001/XMLSchema-instance" id="Callejero" version="1.1.0" xsi:schemaLocation="http://www.opengis.net/context http://schemas.opengis.net/context/1.1.0/context.xsd">
	<General>
		<Window height="370" width="610"/>
		<BoundingBox SRS="EPSG:25830" maxx="621889.9370" maxy="4299792.1070" minx="96388.1179" miny="3959795.9442"/>
		<Title>SIOSE y Ortofoto</Title>
		<Extension>
			<ol:maxExtent xmlns:ol="http://openlayers.org/context" maxx="621889.9370" maxy="4299792.1070" minx="96388.1179" miny="3959795.9442"/>
		</Extension>		
		<KeywordList>
			<Keyword>IECA</Keyword>
			<Keyword>
				SIOSE
			</Keyword>
		</KeywordList>
		<Abstract>
			Fichero de configuración del contexto de visualización de capas.
		</Abstract>
	</General>

	<LayerList>
		<!--  ******   Sombreado SIOSE    ******  -->
		<Layer hidden="0" queryable="0">
			<Server service="OGC:WMS" title="sombra_siose" version="1.1.1">
				<OnlineResource xlink:href="http://www.ideandalucia.es/wms/sombras_siose?" xlink:type="simple"/>
			</Server>
			<Name>sombras_siose</Name>
			<Title>Fondo orográfico</Title>
			<SRS>EPSG:25830</SRS>
			<FormatList>
				<Format current="1">image/jpeg</Format>
			</FormatList>
			<Extension>
				<ol:transparent xmlns:ol="http://openlayers.org/context">false</ol:transparent>
				<ol:isBaseLayer xmlns:ol="http://openlayers.org/context">true</ol:isBaseLayer>
				<ol:displayInLayerSwitcher xmlns:ol="http://openlayers.org/context">false</ol:displayInLayerSwitcher>
				<ol:singleTile xmlns:ol="http://openlayers.org/context">false</ol:singleTile>
			</Extension>
			<StyleList>
				<Style current="1">
					<Name/>
					<Title>Estilo de la leyenda</Title>
				</Style>
			</StyleList>
			<sld:MinScaleDenominator xmlns:sld="http://www.opengis.net/sld">730.7813</sld:MinScaleDenominator>
			<sld:MaxScaleDenominator xmlns:sld="http://www.opengis.net/sld">1390292.6428</sld:MaxScaleDenominator>
		</Layer>

		<!--  ******   TOPORASTER 10    ******  -->
		<Layer hidden="0" queryable="0">
			<Server service="OGC:WMS" title="Toponimia" version="1.1.1">
				<OnlineResource xmlns:xlink="http://www.w3.org/1999/xlink" xlink:type="simple" xlink:href="http://www.ideandalucia.es/services/toporaster10/wms?"/>
			</Server>
			<Name>toporaster10</Name>
			<Title>toporaster10</Title>
			<SRS>EPSG:25830</SRS>
			<FormatList>
				<Format current="1">image/png; mode=8bit</Format>
			</FormatList>
			<Extension>
				<ol:opacity xmlns:ol="http://openlayers.org/context">0.9</ol:opacity>
				<ol:transparent xmlns:ol="http://openlayers.org/context">true</ol:transparent>
				<ol:isBaseLayer xmlns:ol="http://openlayers.org/context">false</ol:isBaseLayer>
				<ol:displayInLayerSwitcher xmlns:ol="http://openlayers.org/context">false</ol:displayInLayerSwitcher>
				<ol:singleTile xmlns:ol="http://openlayers.org/context">false</ol:singleTile>
			</Extension>
			<StyleList>
				<Style current="1">
					<Name/>
					<Title>Estilo de la leyenda</Title>
				</Style>
			</StyleList>
			<sld:MinScaleDenominator xmlns:sld="http://www.opengis.net/sld">3500</sld:MinScaleDenominator>
			<sld:MaxScaleDenominator xmlns:sld="http://www.opengis.net/sld">1390292.6428</sld:MaxScaleDenominator>
		</Layer>
		
		<!--  ******   Base Cartografica CDAU ******  -->
		<Layer hidden="0" queryable="0">
			<Server service="OGC:WMS" title="Andalucía" version="1.1.1">
				<OnlineResource xmlns:xlink="http://www.w3.org/1999/xlink" xlink:type="simple" xlink:href="http://www.callejerodeandalucia.es/servicios/base/wms?"/>
			</Server>
			<Name>CDAU_base</Name>
			<Title>Base Cartografica</Title>
			<SRS>EPSG:25830</SRS>
			<FormatList>
				<Format current="1">image/jpeg</Format>
			</FormatList>
			<Extension>
				<ol:transparent xmlns:ol="http://openlayers.org/context">false</ol:transparent>
				<ol:isBaseLayer xmlns:ol="http://openlayers.org/context">false</ol:isBaseLayer>
				<ol:displayInLayerSwitcher xmlns:ol="http://openlayers.org/context">false</ol:displayInLayerSwitcher>
				<ol:singleTile xmlns:ol="http://openlayers.org/context">true</ol:singleTile>
			</Extension>
			<StyleList>
				<Style current="1">
					<Name/>
					<Title>Estilo de la leyenda</Title>
				</Style>
			</StyleList>
			<sld:MinScaleDenominator xmlns:sld="http://www.opengis.net/sld">730.7813</sld:MinScaleDenominator>
			<sld:MaxScaleDenominator xmlns:sld="http://www.opengis.net/sld">3500</sld:MaxScaleDenominator>
		</Layer>

	<!--  ******   Viales y Portales    ******  -->

		<Layer hidden="0" queryable="1">
			<Server service="OGC:WMS" title="Toponimia" version="1.1.1">
				<OnlineResource xmlns:xlink="http://www.w3.org/1999/xlink" xlink:type="simple" xlink:href="http://www.callejerodeandalucia.es/servicios/cdau/wms?"/>
			</Server>
			<Name>CDAU_wms</Name>
			<Title>Viales y Portales</Title>
			<SRS>EPSG:25830</SRS>
			<FormatList>
				<Format current="1">image/gif</Format>
			</FormatList>
			<Extension>
				<ol:transparent xmlns:ol="http://openlayers.org/context">true</ol:transparent>
				<ol:isBaseLayer xmlns:ol="http://openlayers.org/context">false</ol:isBaseLayer>
				<ol:displayInLayerSwitcher xmlns:ol="http://openlayers.org/context">false</ol:displayInLayerSwitcher>
				<ol:singleTile xmlns:ol="http://openlayers.org/context">true</ol:singleTile>
			</Extension>
				<StyleList>
				<Style current="1">
					<Name/>
					<Title>Estilo de la leyenda</Title>
				</Style>
			</StyleList>
			<sld:MinScaleDenominator xmlns:sld="http://www.opengis.net/sld">730.7813</sld:MinScaleDenominator>
			<sld:MaxScaleDenominator xmlns:sld="http://www.opengis.net/sld">3500</sld:MaxScaleDenominator>
		</Layer>

	
		<!--  ******   Plan Romero 2016    ******  -->
		<Layer hidden="0" queryable="0">
			<Server service="OGC:WMS" title="Andalucía" version="1.1.1">
				<OnlineResource xmlns:xlink="http://www.w3.org/1999/xlink" xlink:type="simple" xlink:href="http://www.juntadeandalucia.es/justiciaeinterior/IDE/wms?"/>
			</Server>
			<Name>PlanRomero:PlanRomero</Name>
			<Title>Plan Romero 2015</Title>
			<SRS>EPSG:25830</SRS>
			<FormatList>
				<Format current="1">image/png; mode=8bit</Format>
			</FormatList>
			<Extension>
				<ol:transparent xmlns:ol="http://openlayers.org/context">true</ol:transparent>
				<ol:isBaseLayer xmlns:ol="http://openlayers.org/context">false</ol:isBaseLayer>
				<ol:displayInLayerSwitcher xmlns:ol="http://openlayers.org/context">true</ol:displayInLayerSwitcher>
				<ol:singleTile xmlns:ol="http://openlayers.org/context">false</ol:singleTile>
			</Extension>
			<StyleList>
				<Style current="1">
					<Name/>
					<Title>Estilo de la leyenda</Title>
				</Style>
			</StyleList>
			<sld:MinScaleDenominator xmlns:sld="http://www.opengis.net/sld">730.7813</sld:MinScaleDenominator>
			<sld:MaxScaleDenominator xmlns:sld="http://www.opengis.net/sld">112201.8176</sld:MaxScaleDenominator>
		</Layer>

	

	</LayerList>
</ViewContext>
